DATE,SEA,SF,OAK,LAD,LAA,SD,ARI,COL,TEX,HOU,KC,STL,MIN,MIL,CHC,CWS,DET,CLE,CIN,PIT,TOR,BOS,NYY,NYM,PHI,BAL,WAS,ATL,TB,MIA
03/20/19,OAK,,SEA,,,,,,,,,,,,,,,,,,,,,,,,,,,
03/21/19,OAK,,SEA,,,,,,,,,,,,,,,,,,,,,,,,,,,
03/22/19,,,,,,,,,,,,,,,,,,,,,,,,,,,,,,
03/23/19,,,,,,,,,,,,,,,,,,,,,,,,,,,,,,
03/24/19,,,,,,,,,,,,,,,,,,,,,,,,,,,,,,
03/25/19,,,,,,,,,,,,,,,,,,,,,,,,,,,,,,
03/26/19,,,,,,,,,,,,,,,,,,,,,,,,,,,,,,
03/27/19,,,,,,,,,,,,,,,,,,,,,,,,,,,,,,
03/28/19,BOS,SD,LAA,ARI,OAK,SF,LAD,MIA,CHC,TB,CWS,MIL,CLE,STL,TEX,KC,TOR,MIN,PIT,CIN,DET,SEA,BAL,WAS,ATL,NYY,NYM,PHI,HOU,COL
03/29/19,BOS,SD,LAA,ARI,OAK,SF,LAD,MIA,,TB,,MIL,,STL,,,TOR,,PIT,CIN,DET,SEA,,,,,,,HOU,COL
03/30/19,BOS,SD,LAA,ARI,OAK,SF,LAD,MIA,CHC,TB,CWS,MIL,CLE,STL,TEX,KC,TOR,MIN,PIT,CIN,DET,SEA,BAL,WAS,ATL,NYY,NYM,PHI,HOU,COL
03/31/19,BOS,SD,LAA,ARI,OAK,SF,LAD,MIA,CHC,TB,CWS,MIL,CLE,STL,TEX,KC,TOR,MIN,,,DET,SEA,BAL,WAS,ATL,NYY,NYM,PHI,HOU,COL
04/01/19,LAA,LAD,BOS,SF,SEA,ARI,SD,TB,HOU,TEX,,PIT,,CIN,ATL,CLE,NYY,CWS,MIL,STL,BAL,OAK,DET,MIA,,TOR,,CHC,COL,NYM
04/02/19,LAA,LAD,BOS,SF,SEA,ARI,SD,TB,HOU,TEX,MIN,,KC,CIN,,,NYY,,MIL,,BAL,OAK,DET,MIA,WAS,TOR,PHI,,COL,NYM
04/03/19,,LAD,BOS,SF,,ARI,SD,TB,HOU,TEX,MIN,PIT,KC,CIN,ATL,CLE,NYY,CWS,MIL,STL,BAL,OAK,DET,MIA,WAS,TOR,PHI,CHC,COL,NYM
04/04/19,CWS,,BOS,,TEX,STL,,,LAA,,DET,SD,,,ATL,SEA,KC,TOR,PIT,CIN,CLE,OAK,BAL,WAS,,NYY,NYM,CHC,,
04/05/19,,TB,HOU,COL,TEX,,BOS,LAD,LAA,OAK,,,PHI,CHC,MIL,,,TOR,PIT,CIN,CLE,ARI,,,MIN,,,MIA,SF,ATL
04/06/19,CWS,TB,HOU,COL,TEX,STL,BOS,LAD,LAA,OAK,DET,SD,PHI,CHC,MIL,SEA,KC,TOR,PIT,CIN,CLE,ARI,BAL,WAS,MIN,NYY,NYM,MIA,SF,ATL
04/07/19,CWS,TB,HOU,COL,TEX,STL,BOS,LAD,LAA,OAK,DET,SD,PHI,CHC,MIL,SEA,KC,TOR,PIT,CIN,CLE,ARI,BAL,WAS,MIN,NYY,NYM,MIA,SF,ATL
04/08/19,KC,SD,BAL,STL,MIL,SF,,ATL,,NYY,SEA,LAD,,LAA,,TB,,,,,,,HOU,,WAS,OAK,PHI,COL,CWS,
04/09/19,KC,SD,BAL,STL,MIL,SF,TEX,ATL,ARI,NYY,SEA,LAD,NYM,LAA,PIT,TB,CLE,DET,MIA,CHC,BOS,TOR,HOU,MIN,WAS,OAK,PHI,COL,CWS,CIN
04/10/19,KC,SD,BAL,STL,MIL,SF,TEX,ATL,ARI,NYY,SEA,LAD,NYM,LAA,PIT,TB,CLE,DET,MIA,CHC,,,HOU,MIN,WAS,OAK,PHI,COL,CWS,CIN
04/11/19,KC,COL,BAL,STL,,ARI,SD,SF,,,SEA,LAD,,,PIT,,CLE,DET,MIA,CHC,BOS,TOR,,ATL,,OAK,,NYM,,CIN
04/12/19,HOU,COL,TEX,MIL,CHC,ARI,SD,SF,OAK,SEA,CLE,,DET,LAD,LAA,NYY,MIN,KC,,WAS,TB,BAL,CWS,ATL,MIA,BOS,PIT,NYM,TOR,PHI
04/13/19,HOU,COL,TEX,MIL,CHC,ARI,SD,SF,OAK,SEA,CLE,CIN,DET,LAD,LAA,NYY,MIN,KC,STL,WAS,TB,BAL,CWS,ATL,MIA,BOS,PIT,NYM,TOR,PHI
04/14/19,HOU,COL,TEX,MIL,CHC,ARI,SD,SF,OAK,SEA,CLE,CIN,DET,LAD,LAA,NYY,MIN,KC,STL,WAS,TB,BAL,CWS,ATL,MIA,BOS,PIT,NYM,TOR,PHI
04/15/19,CLE,,,CIN,TEX,COL,,SD,LAA,,CWS,MIL,TOR,STL,MIA,KC,,SEA,LAD,,MIN,BAL,,PHI,NYM,BOS,,,,CHC
04/16/19,CLE,WAS,HOU,CIN,TEX,COL,ATL,SD,LAA,OAK,CWS,MIL,TOR,STL,MIA,KC,PIT,SEA,LAD,DET,MIN,NYY,BOS,PHI,NYM,TB,SF,ARI,BAL,CHC
04/17/19,CLE,WAS,HOU,CIN,TEX,,ATL,,LAA,OAK,CWS,MIL,TOR,STL,MIA,KC,PIT,SEA,LAD,DET,MIN,NYY,BOS,PHI,NYM,TB,SF,ARI,BAL,CHC
04/18/19,LAA,WAS,,MIL,SEA,CIN,ATL,PHI,,,NYY,,TOR,LAD,,DET,CWS,,SD,,MIN,,KC,,COL,TB,SF,ARI,BAL,
04/19/19,LAA,PIT,TOR,MIL,SEA,CIN,CHC,PHI,HOU,TEX,NYY,NYM,BAL,LAD,ARI,DET,CWS,ATL,SD,SF,OAK,TB,KC,STL,COL,MIN,MIA,CLE,BOS,WAS
04/20/19,LAA,PIT,TOR,MIL,SEA,CIN,CHC,PHI,HOU,TEX,NYY,NYM,BAL,LAD,ARI,DET,CWS,ATL,SD,SF,OAK,TB,KC,STL,COL,MIN,MIA,CLE,BOS,WAS
04/21/19,LAA,PIT,TOR,MIL,SEA,CIN,CHC,PHI,HOU,TEX,NYY,NYM,BAL,LAD,ARI,DET,CWS,ATL,SD,SF,OAK,TB,KC,STL,COL,MIN,MIA,CLE,BOS,WAS
04/22/19,,,TEX,,NYY,,PIT,WAS,OAK,MIN,TB,MIL,HOU,STL,,BAL,BOS,,,ARI,,DET,LAA,PHI,NYM,CWS,COL,,KC,
04/23/19,SD,TOR,TEX,CHC,NYY,SEA,PIT,WAS,OAK,MIN,TB,MIL,HOU,STL,LAD,BAL,BOS,MIA,ATL,ARI,SF,DET,LAA,PHI,NYM,CWS,COL,CIN,KC,CLE
04/24/19,SD,TOR,TEX,CHC,NYY,SEA,PIT,WAS,OAK,MIN,TB,MIL,HOU,STL,LAD,BAL,BOS,MIA,ATL,ARI,SF,DET,LAA,PHI,NYM,CWS,COL,CIN,KC,CLE
04/25/19,TEX,,,CHC,NYY,,PIT,,SEA,CLE,,,,,LAD,,BOS,HOU,ATL,ARI,,DET,LAA,,MIA,,,CIN,,PHI
04/26/19,TEX,NYY,TOR,PIT,KC,WAS,CHC,ATL,SEA,CLE,LAA,CIN,BAL,NYM,ARI,DET,CWS,HOU,STL,LAD,OAK,TB,SF,MIL,MIA,MIN,SD,COL,BOS,PHI
04/27/19,TEX,NYY,TOR,PIT,KC,WAS,CHC,ATL,SEA,CLE,LAA,CIN,BAL,NYM,ARI,DET,CWS,HOU,STL,LAD,OAK,TB,SF,MIL,MIA,MIN,SD,COL,BOS,PHI
04/28/19,TEX,NYY,TOR,PIT,KC,WAS,CHC,ATL,SEA,CLE,LAA,CIN,BAL,NYM,ARI,DET,CWS,HOU,STL,LAD,OAK,TB,SF,MIL,MIA,MIN,SD,COL,BOS,PHI
04/29/19,,LAD,BOS,SF,,ATL,,MIL,,MIN,TB,WAS,HOU,COL,,BAL,,,NYM,,,OAK,,CIN,,CWS,STL,SD,KC,
04/30/19,CHC,LAD,BOS,SF,TOR,ATL,NYY,MIL,PIT,MIN,TB,WAS,HOU,COL,SEA,BAL,PHI,MIA,NYM,TEX,LAA,OAK,ARI,CIN,DET,CWS,STL,SD,KC,CLE
05/01/19,CHC,LAD,BOS,SF,TOR,ATL,NYY,MIL,PIT,MIN,TB,WAS,HOU,COL,SEA,BAL,PHI,MIA,NYM,TEX,LAA,OAK,ARI,CIN,DET,CWS,STL,SD,KC,CLE
05/02/19,,,,,TOR,ATL,,MIL,,MIN,TB,WAS,HOU,COL,,BOS,,,NYM,,LAA,CWS,,CIN,,,STL,SD,KC,
05/03/19,CLE,CIN,PIT,SD,,LAD,COL,ARI,TOR,,DET,CHC,NYY,NYM,STL,BOS,KC,SEA,SF,OAK,TEX,CWS,MIN,MIL,WAS,TB,PHI,MIA,BAL,ATL
05/04/19,CLE,CIN,PIT,SD,HOU,LAD,COL,ARI,TOR,LAA,DET,CHC,NYY,NYM,STL,BOS,KC,SEA,SF,OAK,TEX,CWS,MIN,MIL,WAS,TB,PHI,MIA,BAL,ATL
05/05/19,CLE,CIN,PIT,SD,HOU,LAD,COL,ARI,TOR,LAA,DET,CHC,NYY,NYM,STL,BOS,KC,SEA,SF,OAK,TEX,CWS,MIN,MIL,WAS,TB,PHI,MIA,BAL,ATL
05/06/19,NYY,CIN,,ATL,,NYM,TB,,,KC,HOU,PHI,TOR,WAS,MIA,CLE,,CWS,SF,,MIN,BAL,SEA,SD,STL,BOS,MIL,LAD,ARI,CHC
05/07/19,NYY,COL,CIN,ATL,DET,NYM,TB,SF,PIT,KC,HOU,PHI,TOR,WAS,MIA,CLE,LAA,CWS,OAK,TEX,MIN,BAL,SEA,SD,STL,BOS,MIL,LAD,ARI,CHC
05/08/19,NYY,COL,CIN,ATL,DET,NYM,TB,SF,PIT,KC,HOU,PHI,TOR,WAS,MIA,CLE,LAA,CWS,OAK,TEX,MIN,BAL,SEA,SD,STL,BOS,MIL,LAD,ARI,CHC
05/09/19,NYY,COL,CIN,WAS,DET,,ATL,SF,HOU,TEX,,PIT,,,MIA,CLE,LAA,CWS,OAK,STL,,,SEA,,,,LAD,ARI,,CHC
05/10/19,BOS,CIN,CLE,WAS,BAL,COL,ATL,SD,HOU,TEX,PHI,PIT,DET,CHC,MIL,TOR,MIN,OAK,SF,STL,CWS,SEA,TB,MIA,KC,LAA,LAD,ARI,NYY,NYM
05/11/19,BOS,CIN,CLE,WAS,BAL,COL,ATL,SD,HOU,TEX,PHI,PIT,DET,CHC,MIL,TOR,MIN,OAK,SF,STL,CWS,SEA,TB,MIA,KC,LAA,LAD,ARI,NYY,NYM
05/12/19,BOS,CIN,CLE,WAS,BAL,COL,ATL,SD,HOU,TEX,PHI,PIT,DET,CHC,MIL,TOR,MIN,OAK,SF,STL,CWS,SEA,TB,MIA,KC,LAA,LAD,ARI,NYY,NYM
05/13/19,OAK,,SEA,,MIN,,PIT,,,DET,,,LAA,PHI,,CLE,HOU,CWS,,ARI,,,BAL,,MIL,NYY,,,,
05/14/19,OAK,TOR,SEA,SD,MIN,LAD,PIT,BOS,KC,DET,TEX,ATL,LAA,PHI,CIN,CLE,HOU,CWS,CHC,ARI,SF,COL,BAL,WAS,MIL,NYY,NYM,STL,MIA,TB
05/15/19,,TOR,,SD,MIN,LAD,PIT,BOS,KC,DET,TEX,ATL,LAA,PHI,CIN,,HOU,,CHC,ARI,SF,COL,BAL,WAS,MIL,NYY,NYM,STL,MIA,TB
05/16/19,MIN,,DET,,,PIT,,,KC,,TEX,ATL,SEA,PHI,CIN,TOR,OAK,BAL,CHC,SD,CWS,,,WAS,MIL,CLE,NYM,STL,,
05/17/19,MIN,ARI,DET,CIN,KC,PIT,SF,PHI,STL,BOS,LAA,TEX,SEA,ATL,WAS,TOR,OAK,BAL,LAD,SD,CWS,HOU,TB,MIA,COL,CLE,CHC,MIL,NYY,NYM
05/18/19,MIN,ARI,DET,CIN,KC,PIT,SF,PHI,STL,BOS,LAA,TEX,SEA,ATL,WAS,TOR,OAK,BAL,LAD,SD,CWS,HOU,TB,MIA,COL,CLE,CHC,MIL,NYY,NYM
05/19/19,MIN,ARI,DET,CIN,KC,PIT,SF,PHI,STL,BOS,LAA,TEX,SEA,ATL,WAS,TOR,OAK,BAL,LAD,SD,CWS,HOU,TB,MIA,COL,CLE,CHC,MIL,NYY,NYM
05/20/19,TEX,ATL,CLE,,MIN,ARI,SD,,SEA,CWS,,,LAA,,PHI,HOU,,OAK,,,BOS,TOR,BAL,WAS,CHC,NYY,NYM,SF,,
05/21/19,TEX,ATL,CLE,TB,MIN,ARI,SD,PIT,SEA,CWS,STL,KC,LAA,CIN,PHI,HOU,MIA,OAK,MIL,COL,BOS,TOR,BAL,WAS,CHC,NYY,NYM,SF,LAD,DET
05/22/19,TEX,ATL,CLE,TB,MIN,ARI,SD,PIT,SEA,CWS,STL,KC,LAA,CIN,PHI,HOU,MIA,OAK,MIL,COL,BOS,TOR,BAL,WAS,CHC,NYY,NYM,SF,LAD,DET
05/23/19,,ATL,,,,,,PIT,,CWS,,,,,PHI,HOU,MIA,TB,,COL,BOS,TOR,BAL,WAS,CHC,NYY,NYM,SF,CLE,DET
05/24/19,OAK,ARI,SEA,PIT,TEX,TOR,SF,BAL,LAA,BOS,NYY,ATL,CWS,PHI,CIN,MIN,NYM,TB,CHC,LAD,SD,HOU,KC,DET,MIL,COL,MIA,STL,CLE,WAS
05/25/19,OAK,ARI,SEA,PIT,TEX,TOR,SF,BAL,LAA,BOS,NYY,ATL,CWS,PHI,CIN,MIN,NYM,TB,CHC,LAD,SD,HOU,KC,DET,MIL,COL,MIA,STL,CLE,WAS
05/26/19,OAK,ARI,SEA,PIT,TEX,TOR,SF,BAL,LAA,BOS,NYY,ATL,CWS,PHI,CIN,MIN,NYM,TB,CHC,LAD,SD,HOU,KC,DET,MIL,COL,MIA,STL,CLE,WAS
05/27/19,TEX,,LAA,NYM,OAK,NYY,COL,ARI,SEA,CHC,CWS,,MIL,MIN,HOU,KC,BAL,BOS,PIT,CIN,TB,CLE,SD,LAD,,DET,MIA,,TOR,WAS
05/28/19,TEX,MIA,LAA,NYM,OAK,NYY,COL,ARI,SEA,CHC,CWS,PHI,MIL,MIN,HOU,KC,BAL,BOS,PIT,CIN,TB,CLE,SD,LAD,STL,DET,ATL,WAS,TOR,SF
05/29/19,TEX,MIA,LAA,NYM,OAK,NYY,COL,ARI,SEA,CHC,CWS,PHI,,,HOU,KC,BAL,BOS,PIT,CIN,TB,CLE,SD,LAD,STL,DET,ATL,WAS,TOR,SF
05/30/19,LAA,MIA,,NYM,SEA,,COL,ARI,KC,,TEX,PHI,TB,PIT,,CLE,,CWS,,MIL,,NYY,BOS,LAD,STL,,,,MIN,SF
05/31/19,LAA,BAL,HOU,PHI,SEA,MIA,NYM,TOR,KC,OAK,TEX,CHC,TB,PIT,STL,CLE,ATL,CWS,WAS,MIL,COL,NYY,BOS,ARI,LAD,SF,CIN,DET,MIN,SD
06/01/19,LAA,BAL,HOU,PHI,SEA,MIA,NYM,TOR,KC,OAK,TEX,CHC,TB,PIT,STL,CLE,ATL,CWS,WAS,MIL,COL,NYY,BOS,ARI,LAD,SF,CIN,DET,MIN,SD
06/02/19,LAA,BAL,HOU,PHI,SEA,MIA,NYM,TOR,KC,OAK,TEX,CHC,TB,PIT,STL,CLE,ATL,CWS,WAS,MIL,COL,NYY,BOS,ARI,LAD,SF,CIN,DET,MIN,SD
06/03/19,HOU,,,ARI,,PHI,LAD,,,SEA,,,,,,,,,,,,,,,SD,,,,,
06/04/19,HOU,NYM,LAA,ARI,OAK,PHI,LAD,CHC,BAL,SEA,BOS,CIN,CLE,MIA,COL,WAS,TB,MIN,STL,ATL,NYY,KC,TOR,SF,SD,TEX,CWS,PIT,DET,MIL
06/05/19,HOU,NYM,LAA,ARI,OAK,PHI,LAD,CHC,BAL,SEA,BOS,CIN,CLE,MIA,COL,WAS,TB,MIN,STL,ATL,NYY,KC,TOR,SF,SD,TEX,CWS,PIT,DET,MIL
06/06/19,HOU,NYM,LAA,,OAK,WAS,,CHC,BAL,SEA,BOS,CIN,CLE,MIA,COL,,TB,MIN,STL,ATL,NYY,KC,TOR,SF,,TEX,SD,PIT,DET,MIL
06/07/19,LAA,LAD,TEX,SF,SEA,WAS,TOR,NYM,OAK,BAL,CWS,CHC,DET,PIT,STL,KC,MIN,NYY,PHI,MIL,ARI,TB,CLE,COL,CIN,HOU,SD,MIA,BOS,ATL
06/08/19,LAA,LAD,TEX,SF,SEA,WAS,TOR,NYM,OAK,BAL,CWS,CHC,DET,PIT,STL,KC,MIN,NYY,PHI,MIL,ARI,TB,CLE,COL,CIN,HOU,SD,MIA,BOS,ATL
06/09/19,LAA,LAD,TEX,SF,SEA,WAS,TOR,NYM,OAK,BAL,CWS,CHC,DET,PIT,STL,KC,MIN,NYY,PHI,MIL,ARI,TB,CLE,COL,CIN,HOU,SD,MIA,BOS,ATL
06/10/19,,,TB,LAA,LAD,,PHI,CHC,BOS,,,MIA,,,COL,WAS,,,,ATL,,TEX,NYM,NYY,ARI,,CWS,PIT,OAK,STL
06/11/19,MIN,SD,TB,LAA,LAD,SF,PHI,CHC,BOS,MIL,DET,MIA,SEA,HOU,COL,WAS,KC,CIN,CLE,ATL,BAL,TEX,NYM,NYY,ARI,TOR,CWS,PIT,OAK,STL
06/12/19,MIN,SD,TB,,,SF,PHI,CHC,BOS,MIL,DET,MIA,SEA,HOU,COL,,KC,CIN,CLE,ATL,BAL,TEX,,,ARI,TOR,,PIT,OAK,STL
06/13/19,MIN,,,CHC,TB,COL,WAS,SD,BOS,,DET,NYM,SEA,,LAD,NYY,KC,,,ATL,BAL,TEX,CWS,STL,,TOR,ARI,PIT,LAA,
06/14/19,OAK,MIL,SEA,CHC,TB,COL,WAS,SD,CIN,TOR,MIN,NYM,KC,SF,LAD,NYY,CLE,DET,TEX,MIA,HOU,BAL,CWS,STL,ATL,BOS,ARI,PHI,LAA,PIT
06/15/19,OAK,MIL,SEA,CHC,TB,COL,WAS,SD,CIN,TOR,MIN,NYM,KC,SF,LAD,NYY,CLE,DET,TEX,MIA,HOU,BAL,CWS,STL,ATL,BOS,ARI,PHI,LAA,PIT
06/16/19,OAK,MIL,SEA,CHC,TB,COL,WAS,SD,CIN,TOR,MIN,NYM,KC,SF,LAD,NYY,CLE,DET,TEX,MIA,HOU,BAL,CWS,STL,ATL,BOS,ARI,PHI,LAA,PIT
06/17/19,KC,LAD,BAL,SF,TOR,MIL,,,CLE,CIN,SEA,MIA,BOS,SD,,,,TEX,HOU,,LAA,MIN,TB,ATL,WAS,OAK,PHI,NYM,NYY,STL
06/18/19,KC,LAD,BAL,SF,TOR,MIL,COL,ARI,CLE,CIN,SEA,MIA,BOS,SD,CWS,CHC,PIT,TEX,HOU,DET,LAA,MIN,TB,ATL,WAS,OAK,PHI,NYM,NYY,STL
06/19/19,KC,LAD,BAL,SF,TOR,MIL,COL,ARI,CLE,CIN,SEA,MIA,BOS,SD,CWS,CHC,PIT,TEX,HOU,DET,LAA,MIN,TB,ATL,WAS,OAK,PHI,NYM,NYY,STL
06/20/19,BAL,LAD,TB,SF,TOR,,COL,ARI,CLE,NYY,MIN,MIA,KC,CIN,NYM,,,TEX,MIL,,LAA,,HOU,CHC,WAS,SEA,PHI,,OAK,STL
06/21/19,BAL,ARI,TB,COL,STL,PIT,SF,LAD,CWS,NYY,MIN,LAA,KC,CIN,NYM,TEX,CLE,DET,MIL,SD,BOS,TOR,HOU,CHC,MIA,SEA,ATL,WAS,OAK,PHI
06/22/19,BAL,ARI,TB,COL,STL,PIT,SF,LAD,CWS,NYY,MIN,LAA,KC,CIN,NYM,TEX,CLE,DET,MIL,SD,BOS,TOR,HOU,CHC,MIA,SEA,ATL,WAS,OAK,PHI
06/23/19,BAL,ARI,TB,COL,STL,PIT,SF,LAD,CWS,NYY,MIN,LAA,KC,CIN,NYM,TEX,CLE,DET,MIL,SD,BOS,TOR,HOU,CHC,MIA,SEA,ATL,WAS,OAK,PHI
06/24/19,,COL,,ARI,,,LAD,SF,,,CLE,,,,ATL,BOS,,KC,,,NYY,CWS,TOR,PHI,NYM,,,CHC,,
06/25/19,MIL,COL,STL,ARI,CIN,BAL,LAD,SF,DET,PIT,CLE,OAK,TB,SEA,ATL,BOS,TEX,KC,LAA,HOU,NYY,CWS,TOR,PHI,NYM,SD,MIA,CHC,MIN,WAS
06/26/19,MIL,COL,STL,ARI,CIN,BAL,LAD,SF,DET,PIT,CLE,OAK,TB,SEA,ATL,BOS,TEX,KC,LAA,HOU,NYY,CWS,TOR,PHI,NYM,SD,MIA,CHC,MIN,WAS
06/27/19,MIL,,LAA,COL,OAK,,,LAD,DET,PIT,,,TB,SEA,ATL,,TEX,,,HOU,,,,PHI,NYM,,MIA,CHC,MIN,WAS
06/28/19,HOU,ARI,LAA,COL,OAK,STL,SF,LAD,TB,SEA,TOR,SD,CWS,PIT,CIN,MIN,WAS,BAL,CHC,MIL,KC,,,ATL,MIA,CLE,DET,NYM,TEX,PHI
06/29/19,HOU,ARI,LAA,COL,OAK,STL,SF,LAD,TB,SEA,TOR,SD,CWS,PIT,CIN,MIN,WAS,BAL,CHC,MIL,KC,NYY,BOS,ATL,MIA,CLE,DET,NYM,TEX,PHI
06/30/19,HOU,ARI,LAA,COL,OAK,STL,SF,LAD,TB,SEA,TOR,SD,CWS,PIT,CIN,MIN,WAS,BAL,CHC,MIL,KC,NYY,BOS,ATL,MIA,CLE,DET,NYM,TEX,PHI
07/01/19,,SD,,,TEX,SF,,,LAA,,TOR,,,CIN,PIT,,,,MIL,CHC,KC,,,,,TB,,,BAL,
07/02/19,STL,SD,MIN,ARI,TEX,SF,LAD,HOU,LAA,COL,CLE,SEA,OAK,CIN,PIT,DET,CWS,KC,MIL,CHC,BOS,TOR,NYM,NYY,ATL,TB,MIA,PHI,BAL,WAS
07/03/19,STL,SD,MIN,ARI,TEX,SF,LAD,HOU,LAA,COL,CLE,SEA,OAK,CIN,PIT,DET,CWS,KC,MIL,CHC,BOS,TOR,NYM,NYY,ATL,TB,MIA,PHI,BAL,WAS
07/04/19,STL,,MIN,SD,TEX,LAD,,,LAA,,CLE,SEA,OAK,CIN,PIT,DET,CWS,KC,MIL,CHC,BOS,TOR,TB,,ATL,,MIA,PHI,NYY,WAS
07/05/19,OAK,STL,SEA,SD,HOU,LAD,COL,ARI,MIN,LAA,WAS,SF,TEX,PIT,,,BOS,,,MIL,BAL,DET,TB,PHI,NYM,TOR,KC,MIA,NYY,ATL
07/06/19,OAK,STL,SEA,SD,HOU,LAD,COL,ARI,MIN,LAA,WAS,SF,TEX,PIT,CWS,CHC,BOS,CIN,CLE,MIL,BAL,DET,TB,PHI,NYM,TOR,KC,MIA,NYY,ATL
07/07/19,OAK,STL,SEA,SD,HOU,LAD,COL,ARI,MIN,LAA,WAS,SF,TEX,PIT,CWS,CHC,BOS,CIN,CLE,MIL,BAL,DET,TB,PHI,NYM,TOR,KC,MIA,NYY,ATL
07/08/19,,,,,,,,,,,,,,,,,,,,,,,,,,,,,,
07/09/19,All Star Game,All Star Game,All Star Game,All Star Game,All Star Game,All Star Game,All Star Game,All Star Game,All Star Game,All Star Game,All Star Game,All Star Game,All Star Game,All Star Game,All Star Game,All Star Game,All Star Game,All Star Game,All Star Game,All Star Game,All Star Game,All Star Game,All Star Game,All Star Game,All Star Game,All Star Game,All Star Game,All Star Game,All Star Game,All Star Game
07/10/19,,,,,,,,,,,,,,,,,,,,,,,,,,,,,,
07/11/19,,,,,,,,,HOU,TEX,,,,,,,,,,,,,,,,,,,,
07/12/19,LAA,MIL,CWS,BOS,SEA,ATL,STL,CIN,HOU,TEX,DET,ARI,CLE,SF,PIT,OAK,KC,MIN,COL,CHC,NYY,LAD,TOR,MIA,WAS,TB,PHI,SD,BAL,NYM
07/13/19,LAA,MIL,CWS,BOS,SEA,ATL,STL,CIN,HOU,TEX,DET,ARI,CLE,SF,PIT,OAK,KC,MIN,COL,CHC,NYY,LAD,TOR,MIA,WAS,TB,PHI,SD,BAL,NYM
07/14/19,LAA,MIL,CWS,BOS,SEA,ATL,STL,CIN,HOU,TEX,DET,ARI,CLE,SF,PIT,OAK,KC,MIN,COL,CHC,NYY,LAD,TOR,MIA,WAS,TB,PHI,SD,BAL,NYM
07/15/19,,COL,,PHI,HOU,,,SF,,LAA,CWS,PIT,,ATL,CIN,KC,CLE,DET,CHC,STL,BOS,TOR,TB,,LAD,,,MIL,NYY,
07/16/19,OAK,COL,SEA,PHI,HOU,MIA,TEX,SF,ARI,LAA,CWS,PIT,NYM,ATL,CIN,KC,CLE,DET,CHC,STL,BOS,TOR,TB,MIN,LAD,WAS,BAL,MIL,NYY,SD
07/17/19,OAK,COL,SEA,PHI,HOU,MIA,TEX,SF,ARI,LAA,CWS,PIT,NYM,ATL,CIN,KC,CLE,DET,CHC,STL,BOS,TOR,TB,MIN,LAD,WAS,BAL,MIL,NYY,SD
07/18/19,,NYM,MIN,PHI,HOU,MIA,MIL,,,LAA,CWS,CIN,OAK,ARI,,KC,CLE,DET,STL,,BOS,TOR,TB,SF,LAD,,ATL,WAS,NYY,SD
07/19/19,LAA,NYM,MIN,MIA,SEA,CHC,MIL,NYY,HOU,TEX,CLE,CIN,OAK,ARI,SD,TB,TOR,KC,STL,PHI,DET,BAL,COL,SF,PIT,BOS,ATL,WAS,CWS,LAD
07/20/19,LAA,NYM,MIN,MIA,SEA,CHC,MIL,NYY,HOU,TEX,CLE,CIN,OAK,ARI,SD,TB,TOR,KC,STL,PHI,DET,BAL,COL,SF,PIT,BOS,ATL,WAS,CWS,LAD
07/21/19,LAA,NYM,MIN,MIA,SEA,CHC,MIL,NYY,HOU,TEX,CLE,CIN,OAK,ARI,SD,TB,TOR,KC,STL,PHI,DET,BAL,COL,SF,PIT,BOS,ATL,WAS,CWS,LAD
07/22/19,TEX,CHC,HOU,,,,BAL,WAS,SEA,OAK,,PIT,NYY,CIN,SF,MIA,,TOR,MIL,STL,CLE,TB,MIN,,,ARI,COL,,BOS,CWS
07/23/19,TEX,CHC,HOU,LAA,LAD,NYM,BAL,WAS,SEA,OAK,ATL,PIT,NYY,CIN,SF,MIA,PHI,TOR,MIL,STL,CLE,TB,MIN,SD,DET,ARI,COL,KC,BOS,CWS
07/24/19,TEX,CHC,HOU,LAA,LAD,NYM,BAL,WAS,SEA,OAK,ATL,PIT,NYY,CIN,SF,MIA,PHI,TOR,MIL,STL,CLE,TB,MIN,SD,DET,ARI,COL,KC,BOS,CWS
07/25/19,DET,,TEX,,BAL,NYM,,WAS,OAK,,CLE,PIT,CWS,,,MIN,SEA,KC,,STL,,NYY,BOS,SD,,LAA,COL,,,
07/26/19,DET,SD,TEX,WAS,BAL,SF,MIA,CIN,OAK,STL,CLE,HOU,CWS,CHC,MIL,MIN,SEA,KC,COL,NYM,TB,NYY,BOS,PIT,ATL,LAA,LAD,PHI,TOR,ARI
07/27/19,DET,SD,TEX,WAS,BAL,SF,MIA,CIN,OAK,STL,CLE,HOU,CWS,CHC,MIL,MIN,SEA,KC,COL,NYM,TB,NYY,BOS,PIT,ATL,LAA,LAD,PHI,TOR,ARI
07/28/19,DET,SD,TEX,WAS,BAL,SF,MIA,CIN,OAK,STL,CLE,HOU,CWS,CHC,MIL,MIN,SEA,KC,COL,NYM,TB,NYY,BOS,PIT,ATL,LAA,LAD,PHI,TOR,ARI
07/29/19,,,,COL,DET,BAL,MIA,LAD,,,TOR,,,,,,LAA,,PIT,CIN,KC,,,,,SD,ATL,WAS,,ARI
07/30/19,TEX,PHI,MIL,COL,DET,BAL,NYY,LAD,SEA,CLE,TOR,CHC,MIA,OAK,STL,NYM,LAA,HOU,PIT,CIN,KC,TB,ARI,CWS,SF,SD,ATL,WAS,BOS,MIN
07/31/19,TEX,PHI,MIL,COL,DET,,NYY,LAD,SEA,CLE,TOR,CHC,MIA,OAK,STL,NYM,LAA,HOU,PIT,CIN,KC,TB,ARI,CWS,SF,,ATL,WAS,BOS,MIN
08/01/19,,PHI,MIL,SD,,LAD,,,,CLE,,CHC,MIA,OAK,STL,NYM,,HOU,ATL,,BAL,TB,,CWS,SF,TOR,,CIN,BOS,MIN
08/02/19,HOU,COL,,SD,CLE,LAD,WAS,SF,DET,SEA,MIN,,KC,CHC,MIL,PHI,TEX,LAA,ATL,NYM,BAL,NYY,BOS,PIT,CWS,TOR,ARI,CIN,,
08/03/19,HOU,COL,STL,SD,CLE,LAD,WAS,SF,DET,SEA,MIN,OAK,KC,CHC,MIL,PHI,TEX,LAA,ATL,NYM,BAL,NYY,BOS,PIT,CWS,TOR,ARI,CIN,MIA,TB
08/04/19,HOU,COL,STL,SD,CLE,LAD,WAS,SF,DET,SEA,MIN,OAK,KC,CHC,MIL,PHI,TEX,LAA,ATL,NYM,BAL,NYY,BOS,PIT,CWS,TOR,ARI,CIN,MIA,TB
08/05/19,,WAS,CHC,STL,CIN,,PHI,,CLE,,BOS,LAD,ATL,PIT,OAK,DET,CWS,TEX,LAA,MIL,TB,KC,BAL,MIA,ARI,NYY,SF,MIN,TOR,NYM
08/06/19,SD,WAS,CHC,STL,CIN,SEA,PHI,HOU,CLE,COL,BOS,LAD,ATL,PIT,OAK,DET,CWS,TEX,LAA,MIL,TB,KC,BAL,MIA,ARI,NYY,SF,MIN,TOR,NYM
08/07/19,SD,WAS,CHC,STL,,SEA,PHI,HOU,CLE,COL,BOS,LAD,ATL,PIT,OAK,DET,CWS,TEX,,MIL,TB,KC,BAL,MIA,ARI,NYY,SF,MIN,TOR,NYM
08/08/19,,PHI,,,BOS,COL,,SD,,,DET,,CLE,,CIN,,KC,MIN,CHC,,NYY,LAA,TOR,,SF,,,MIA,,ATL
08/09/19,TB,PHI,CWS,ARI,BOS,COL,LAD,SD,MIL,BAL,DET,PIT,CLE,TEX,CIN,OAK,KC,MIN,CHC,STL,NYY,LAA,TOR,WAS,SF,HOU,NYM,MIA,SEA,ATL
08/10/19,TB,PHI,CWS,ARI,BOS,COL,LAD,SD,MIL,BAL,DET,PIT,CLE,TEX,CIN,OAK,KC,MIN,CHC,STL,NYY,LAA,TOR,WAS,SF,HOU,NYM,MIA,SEA,ATL
08/11/19,TB,PHI,CWS,ARI,BOS,COL,LAD,SD,MIL,BAL,DET,PIT,CLE,TEX,CIN,OAK,KC,MIN,CHC,STL,NYY,LAA,TOR,WAS,SF,HOU,NYM,MIA,SEA,ATL
08/12/19,,,,,PIT,TB,COL,ARI,TOR,CWS,,,,,,HOU,,BOS,WAS,LAA,TEX,CLE,BAL,,,NYY,CIN,,SD,
08/13/19,DET,OAK,SF,MIA,PIT,TB,COL,ARI,TOR,CWS,STL,KC,MIL,MIN,PHI,HOU,SEA,BOS,WAS,LAA,TEX,CLE,BAL,ATL,CHC,NYY,CIN,NYM,SD,LAD
08/14/19,DET,OAK,SF,MIA,PIT,TB,COL,ARI,TOR,CWS,STL,KC,MIL,MIN,PHI,HOU,SEA,BOS,WAS,LAA,TEX,CLE,BAL,ATL,CHC,NYY,CIN,NYM,SD,LAD
08/15/19,DET,ARI,HOU,MIA,CWS,,SF,,MIN,OAK,,CIN,TEX,,PHI,LAA,SEA,NYY,STL,,,,CLE,ATL,CHC,,,NYM,,LAD
08/16/19,TOR,ARI,HOU,ATL,CWS,PHI,SF,MIA,MIN,OAK,NYM,CIN,TEX,WAS,PIT,LAA,TB,NYY,STL,CHC,SEA,BAL,CLE,KC,SD,BOS,MIL,LAD,DET,COL
08/17/19,TOR,ARI,HOU,ATL,CWS,PHI,SF,MIA,MIN,OAK,NYM,CIN,TEX,WAS,PIT,LAA,TB,NYY,STL,CHC,SEA,BAL,CLE,KC,SD,BOS,MIL,LAD,DET,COL
08/18/19,TOR,ARI,HOU,ATL,CWS,PHI,SF,MIA,MIN,OAK,NYM,CIN,TEX,WAS,PIT,LAA,TB,NYY,STL,CHC,SEA,BAL,CLE,KC,SD,BOS,MIL,LAD,DET,COL
08/19/19,TB,,,,TEX,CIN,COL,ARI,LAA,DET,BAL,MIL,CWS,STL,,MIN,HOU,,SD,WAS,,,,,,KC,PIT,,SEA,
08/20/19,TB,CHC,NYY,TOR,TEX,CIN,COL,ARI,LAA,DET,BAL,MIL,CWS,STL,SF,MIN,HOU,NYM,SD,WAS,LAD,PHI,OAK,CLE,BOS,KC,PIT,MIA,SEA,ATL
08/21/19,TB,CHC,NYY,TOR,TEX,CIN,COL,ARI,LAA,DET,BAL,MIL,CWS,STL,SF,MIN,HOU,NYM,SD,WAS,LAD,PHI,OAK,CLE,BOS,KC,PIT,MIA,SEA,ATL
08/22/19,,CHC,NYY,TOR,,,,STL,CWS,DET,,COL,,,SF,TEX,HOU,NYM,,WAS,LAD,,OAK,CLE,,TB,PIT,MIA,BAL,ATL
08/23/19,TOR,,,NYY,HOU,BOS,MIL,STL,CWS,LAA,CLE,COL,DET,ARI,WAS,TEX,MIN,KC,PIT,CIN,SEA,SD,LAD,ATL,MIA,TB,CHC,NYM,BAL,PHI
08/24/19,TOR,OAK,SF,NYY,HOU,BOS,MIL,STL,CWS,LAA,CLE,COL,DET,ARI,WAS,TEX,MIN,KC,PIT,CIN,SEA,SD,LAD,ATL,MIA,TB,CHC,NYM,BAL,PHI
08/25/19,TOR,OAK,SF,NYY,HOU,BOS,MIL,STL,CWS,LAA,CLE,COL,DET,ARI,WAS,TEX,MIN,KC,PIT,CIN,SEA,SD,LAD,ATL,MIA,TB,CHC,NYM,BAL,PHI
08/26/19,NYY,ARI,KC,SD,,LAD,SF,,,,OAK,MIL,,STL,,,,,MIA,PHI,,,SEA,,PIT,,,,,CIN
08/27/19,NYY,ARI,KC,SD,TEX,LAD,SF,BOS,LAA,TB,OAK,MIL,CWS,STL,NYM,MIN,CLE,DET,MIA,PHI,ATL,COL,SEA,CHC,PIT,WAS,BAL,TOR,HOU,CIN
08/28/19,NYY,,KC,SD,TEX,LAD,,BOS,LAA,TB,OAK,MIL,CWS,STL,NYM,MIN,CLE,DET,MIA,PHI,ATL,COL,SEA,CHC,PIT,WAS,BAL,TOR,HOU,CIN
08/29/19,TEX,SD,KC,ARI,,SF,LAD,PIT,SEA,TB,OAK,,CWS,,NYM,MIN,CLE,DET,MIA,COL,,,,CHC,,,,,HOU,CIN
08/30/19,TEX,SD,NYY,ARI,BOS,SF,LAD,PIT,SEA,TOR,BAL,CIN,DET,CHC,MIL,ATL,MIN,TB,STL,COL,HOU,LAA,OAK,PHI,NYM,KC,MIA,CWS,CLE,WAS
08/31/19,TEX,SD,NYY,ARI,BOS,SF,LAD,PIT,SEA,TOR,BAL,CIN,DET,CHC,MIL,ATL,MIN,TB,STL,COL,HOU,LAA,OAK,PHI,NYM,KC,MIA,CWS,CLE,WAS
09/01/19,TEX,SD,NYY,ARI,BOS,SF,LAD,PIT,SEA,TOR,BAL,CIN,DET,CHC,MIL,ATL,MIN,TB,STL,COL,HOU,LAA,OAK,PHI,NYM,KC,MIA,CWS,CLE,WAS
09/02/19,CHC,STL,,COL,,ARI,SD,LAD,NYY,MIL,,SF,DET,HOU,SEA,CLE,MIN,CWS,PHI,,ATL,,TEX,WAS,CIN,TB,NYM,TOR,BAL,
09/03/19,CHC,STL,LAA,COL,OAK,ARI,SD,LAD,NYY,MIL,DET,SF,BOS,HOU,SEA,CLE,KC,CWS,PHI,MIA,ATL,MIN,TEX,WAS,CIN,TB,NYM,TOR,BAL,PIT
09/04/19,,STL,LAA,COL,OAK,ARI,SD,LAD,NYY,,DET,SF,BOS,,,CLE,KC,CWS,PHI,MIA,,MIN,TEX,WAS,CIN,TB,NYM,,BAL,PIT
09/05/19,HOU,STL,LAA,,OAK,,,,BAL,SEA,DET,SF,BOS,CHC,MIL,CLE,KC,CWS,PHI,MIA,TB,MIN,,,CIN,TEX,ATL,WAS,TOR,PIT
09/06/19,HOU,LAD,DET,SF,CWS,COL,CIN,SD,BAL,SEA,MIA,PIT,CLE,CHC,MIL,LAA,OAK,MIN,ARI,STL,TB,NYY,BOS,PHI,NYM,TEX,ATL,WAS,TOR,KC
09/07/19,HOU,LAD,DET,SF,CWS,COL,CIN,SD,BAL,SEA,MIA,PIT,CLE,CHC,MIL,LAA,OAK,MIN,ARI,STL,TB,NYY,BOS,PHI,NYM,TEX,ATL,WAS,TOR,KC
09/08/19,HOU,LAD,DET,SF,CWS,COL,CIN,SD,BAL,SEA,MIA,PIT,CLE,CHC,MIL,LAA,OAK,MIN,ARI,STL,TB,NYY,BOS,PHI,NYM,TEX,ATL,WAS,TOR,KC
09/09/19,,PIT,HOU,,CLE,CHC,NYM,,,OAK,,,,MIA,SD,,,LAA,,SF,,NYY,BOS,ARI,ATL,,,PHI,,MIL
09/10/19,CIN,PIT,HOU,BAL,CLE,CHC,NYM,STL,TB,OAK,CWS,COL,WAS,MIA,SD,KC,NYY,LAA,SEA,SF,BOS,TOR,DET,ARI,ATL,LAD,MIN,PHI,TEX,MIL
09/11/19,CIN,PIT,HOU,BAL,CLE,CHC,NYM,STL,TB,OAK,CWS,COL,WAS,MIA,SD,KC,NYY,LAA,SEA,SF,BOS,TOR,DET,ARI,ATL,LAD,MIN,PHI,TEX,MIL
09/12/19,CIN,PIT,HOU,BAL,,CHC,NYM,STL,TB,OAK,CWS,COL,WAS,MIA,SD,KC,NYY,,SEA,SF,BOS,TOR,DET,ARI,ATL,LAD,MIN,PHI,TEX,MIL
09/13/19,CWS,MIA,TEX,NYM,TB,COL,CIN,SD,OAK,KC,HOU,MIL,CLE,STL,PIT,SEA,BAL,MIN,ARI,CHC,NYY,,TOR,LAD,,DET,ATL,WAS,LAA,SF
09/14/19,CWS,MIA,TEX,NYM,TB,COL,CIN,SD,OAK,KC,HOU,MIL,CLE,STL,PIT,SEA,BAL,MIN,ARI,CHC,NYY,PHI,TOR,LAD,BOS,DET,ATL,WAS,LAA,SF
09/15/19,CWS,MIA,TEX,NYM,TB,COL,CIN,SD,OAK,KC,HOU,MIL,CLE,STL,PIT,SEA,BAL,MIN,ARI,CHC,NYY,PHI,TOR,LAD,BOS,DET,ATL,WAS,LAA,SF
09/16/19,,,KC,,,MIL,MIA,NYM,,,OAK,WAS,CWS,SD,CIN,MIN,BAL,,CHC,,,,,COL,,DET,STL,,,ARI
09/17/19,PIT,BOS,KC,TB,NYY,MIL,MIA,NYM,HOU,TEX,OAK,WAS,CWS,SD,CIN,MIN,CLE,DET,CHC,SEA,BAL,SF,LAA,COL,ATL,TOR,STL,PHI,LAD,ARI
09/18/19,PIT,BOS,KC,TB,NYY,MIL,MIA,NYM,HOU,TEX,OAK,WAS,CWS,SD,CIN,MIN,CLE,DET,CHC,SEA,BAL,SF,LAA,COL,ATL,TOR,STL,PHI,LAD,ARI
09/19/19,PIT,BOS,,,NYY,MIL,,,,,MIN,CHC,KC,SD,STL,,CLE,DET,,SEA,BAL,SF,LAA,,ATL,TOR,,PHI,,
09/20/19,BAL,ATL,TEX,COL,HOU,ARI,SD,LAD,OAK,LAA,MIN,CHC,KC,PIT,STL,DET,CWS,PHI,NYM,MIL,NYY,TB,TOR,CIN,CLE,SEA,MIA,SF,BOS,WAS
09/21/19,BAL,ATL,TEX,COL,HOU,ARI,SD,LAD,OAK,LAA,MIN,CHC,KC,PIT,STL,DET,CWS,PHI,NYM,MIL,NYY,TB,TOR,CIN,CLE,SEA,MIA,SF,BOS,WAS
09/22/19,BAL,ATL,TEX,COL,HOU,ARI,SD,LAD,OAK,LAA,MIN,CHC,KC,PIT,STL,DET,CWS,PHI,NYM,MIL,NYY,TB,TOR,CIN,CLE,SEA,MIA,SF,BOS,WAS
09/23/19,,,,,,,STL,,,,,ARI,,,,,,,,,BAL,TB,,MIA,WAS,TOR,PHI,,BOS,NYM
09/24/19,HOU,COL,LAA,SD,OAK,LAD,STL,SF,BOS,SEA,ATL,ARI,DET,CIN,PIT,CLE,MIN,CWS,MIL,CHC,BAL,TEX,TB,MIA,WAS,TOR,PHI,KC,NYY,NYM
09/25/19,HOU,COL,LAA,SD,OAK,LAD,STL,SF,BOS,SEA,ATL,ARI,DET,CIN,PIT,CLE,MIN,CWS,MIL,CHC,BAL,TEX,TB,MIA,WAS,TOR,PHI,KC,NYY,NYM
09/26/19,OAK,COL,SEA,SD,HOU,LAD,,SF,BOS,LAA,,,DET,CIN,PIT,CLE,MIN,CWS,MIL,CHC,,TEX,,MIA,WAS,,PHI,,,NYM
09/27/19,OAK,LAD,SEA,SF,HOU,ARI,SD,MIL,NYY,LAA,MIN,CHC,KC,COL,STL,DET,CWS,WAS,PIT,CIN,TB,BAL,TEX,ATL,MIA,BOS,CLE,NYM,TOR,PHI
09/28/19,OAK,LAD,SEA,SF,HOU,ARI,SD,MIL,NYY,LAA,MIN,CHC,KC,COL,STL,DET,CWS,WAS,PIT,CIN,TB,BAL,TEX,ATL,MIA,BOS,CLE,NYM,TOR,PHI
09/29/19,OAK,LAD,SEA,SF,HOU,ARI,SD,MIL,NYY,LAA,MIN,CHC,KC,COL,STL,DET,CWS,WAS,PIT,CIN,TB,BAL,TEX,ATL,MIA,BOS,CLE,NYM,TOR,PHI
